"Actie: 10% korting op Cendres & Metaux Dalbo en Loc","https://shop.dentalunion.nl/media/catalog/product/cache/8/small_image/135x/9df78eab33525d08d6e5fb8d27136e95/d/a/dalbo.png","","actie_221","Cendres & Metaux","Nee","Acties"
"Actie: 5 Hu-Friedy instrumenten met gratis cassette","https://shop.dentalunion.nl/media/catalog/product/cache/8/small_image/135x/9df78eab33525d08d6e5fb8d27136e95/w/e/week_2018_hu-friedy_titanium_implant_scalers_webshoppromotie_250-250.jpg","","Actie_220","Hu-Friedy","Nee","Acties"
"Actie: GC Initial LiSi Press 5+1 gratis!","https://shop.dentalunion.nl/media/catalog/product/cache/8/small_image/135x/9df78eab33525d08d6e5fb8d27136e95/i/n/initial-lisi-press_1_1.jpg","","Actie_219","GC","Nee","Acties"
"Actie: HP Sprout Pro met gratis 3D Capture Stage","https://shop.dentalunion.nl/media/catalog/product/cache/8/small_image/135x/9df78eab33525d08d6e5fb8d27136e95/h/p/hp_sprout_1.jpg","","actie_207","HP","N/B","Acties"
"KaVo EXPERTmatic hand- en hoekstukken","https://shop.dentalunion.nl/media/catalog/product/cache/8/small_image/135x/9df78eab33525d08d6e5fb8d27136e95/e/x/expertmatic.png","","Kvemhh","KaVo","N/B","Acties"
"KaVo EXPERTtorque turbines / airrotors","https://shop.dentalunion.nl/media/catalog/product/cache/8/small_image/135x/9df78eab33525d08d6e5fb8d27136e95/e/x/experttorque.jpg","","Kvettb","KaVo","N/B","Acties"
"KaVo MASTERmatic hand- en hoekstukken","https://shop.dentalunion.nl/media/catalog/product/cache/8/small_image/135x/9df78eab33525d08d6e5fb8d27136e95/k/a/kavo_mastermatic.jpg","","Kvmmhh","KaVo","N/B","Acties"
"KaVo MASTERtorque turbines / airrotors","https://shop.dentalunion.nl/media/catalog/product/cache/8/small_image/135x/9df78eab33525d08d6e5fb8d27136e95/k/a/kavo_mastertorque_turbines.jpg","","Kvmttb","KaVo","N/B","Acties"
"Oral-B Genius 9000W","https://shop.dentalunion.nl/media/catalog/product/cache/8/small_image/135x/9df78eab33525d08d6e5fb8d27136e95/o/r/oral-b-genius-9000-s-rose-gold-tandenborstel.png","","ORGW9000","Oral-B","Nee","Acties"
"Sirona T1 Line CLASSIC hand en hoekstukken Lange programma","https://shop.dentalunion.nl/media/catalog/product/cache/8/small_image/135x/9df78eab33525d08d6e5fb8d27136e95/s/i/sirona_t1_classic.jpg","","Sit1cl","Dentsply Sirona","Sit1cl","Acties"
"Sirona T1 Line hand- en hoekstukken Korte programma","https://shop.dentalunion.nl/media/catalog/product/cache/8/small_image/135x/9df78eab33525d08d6e5fb8d27136e95/s/i/sirona_t1_line.jpg","","Sit1li","Dentsply Sirona","Sit1li","Acties"
"Sirona T1 Turbine programma","https://shop.dentalunion.nl/media/catalog/product/cache/8/small_image/135x/9df78eab33525d08d6e5fb8d27136e95/s/i/sirona_turbines_t1.jpg","","St1tur","Dentsply Sirona","St1tur","Acties"
"Sirona T2 Line hand- en hoekstukken","https://shop.dentalunion.nl/media/catalog/product/cache/8/small_image/135x/9df78eab33525d08d6e5fb8d27136e95/s/i/sirona_t2_line.jpg","","Sit2li","Dentsply Sirona","Sit2li","Acties"
"Sirona T2 Turbines","https://shop.dentalunion.nl/media/catalog/product/cache/8/small_image/135x/9df78eab33525d08d6e5fb8d27136e95/s/i/sirona_turbines_t2.jpg","","St2tur","Dentsply Sirona","St2tur","Acties"
"SiroNiti Apex endo hoekstuk kort 115:1","https://shop.dentalunion.nl/media/catalog/product/cache/8/small_image/135x/9df78eab33525d08d6e5fb8d27136e95/s/i/sironiti_apex-p18jf6m362li0198ku011rb71res1.jpg","6174234","197618","Dentsply Sirona","77836","Acties"
"Siroson instrument nr. 4L verpakking 6 stuks","https://shop.dentalunion.nl/media/catalog/product/cache/8/small_image/135x/9df78eab33525d08d6e5fb8d27136e95/n/r/nr.4.png","6541051","244664","Dentsply Sirona","SS6541051","Acties"
"DMG Honigum Mixstar Putty ECO pack 5x380 ml.","https://shop.dentalunion.nl/media/catalog/product/cache/8/small_image/135x/9df78eab33525d08d6e5fb8d27136e95/d/m/dmg_honigum_mixstar_putty_1.jpg","919375","190203","N/B","17784","Afdrukken"
"Virtual Refill 2x50 ml +12 mengtips","https://shop.dentalunion.nl/media/catalog/product/cache/8/small_image/135x/9df78eab33525d08d6e5fb8d27136e95/p/r/product_shots_ps_001_1_1.jpg","","Ivvivi","Ivoclar Vivadent","N/B","Afdrukken"
"3M Aanzettips voor elastomeer afdrukspuit 12st","https://shop.dentalunion.nl/media/catalog/product/cache/8/small_image/135x/9df78eab33525d08d6e5fb8d27136e95/0/9/0931es01_g_2_38.jpg","71225","84655","3M","ESP049","Afdrukken"
"3M Dimension Penta","https://shop.dentalunion.nl/media/catalog/product/cache/8/small_image/135x/9df78eab33525d08d6e5fb8d27136e95/d/i/dim_penta_h_rf_36714.tif_1.jpg","","Dimpen","3M","N/B","Afdrukken"
"3M Elastomeer afdrukspuit compleet","https://shop.dentalunion.nl/media/catalog/product/cache/8/small_image/135x/9df78eab33525d08d6e5fb8d27136e95/3/m/3mespe_afdrukspuit_impregum.jpg","71209","84654","3M","ESP048","Afdrukken"
"3M Elastomeer huls voor de Penta afdrukspuit, verpakking met 10 st.","https://shop.dentalunion.nl/media/catalog/product/cache/8/small_image/135x/9df78eab33525d08d6e5fb8d27136e95/0/9/0931es01_g_2_34.jpg","71200","48940","3M","ESPPTASH","Afdrukken"
"3M Espe elastomeer mengspatel - standaard - per st.","https://shop.dentalunion.nl/media/catalog/product/cache/8/small_image/135x/9df78eab33525d08d6e5fb8d27136e95/0/9/0931es01_g_2_32.jpg","71233","84653","3M","ESP040","Afdrukken"
"3M Espe Garant 2 doseerpistool 1:1 / 2:1","https://shop.dentalunion.nl/media/catalog/product/cache/8/small_image/135x/9df78eab33525d08d6e5fb8d27136e95/3/m/3m_77580_1.jpg","77580","12115","3M","ESPG2D","Afdrukken"
"3M Espe Garant mengtips groen 50st","https://shop.dentalunion.nl/media/catalog/product/cache/8/small_image/135x/9df78eab33525d08d6e5fb8d27136e95/0/9/0931es01_g_2_29.jpg","71450","12111","3M","12111","Afdrukken"
"3M ESPE intra-orale tips Bite 50st","https://shop.dentalunion.nl/media/catalog/product/cache/8/small_image/135x/9df78eab33525d08d6e5fb8d27136e95/7/1/71460.jpg","71460","12239","3M","12239","Afdrukken"
"3M Espe intra-orale tips Garant geel 50st","https://shop.dentalunion.nl/media/catalog/product/cache/8/small_image/135x/9df78eab33525d08d6e5fb8d27136e95/y/e/yellow-intra-oral-tips_src_1.jpg","71462","12114","3M","ESPG2ITG","Afdrukken"
"3M ESPE intra-orale tips wit 50st","https://shop.dentalunion.nl/media/catalog/product/cache/8/small_image/135x/9df78eab33525d08d6e5fb8d27136e95/p/_/p_01_012237_zubehoer_abf_3m.jpg","71461N","24533","3M","12130","Afdrukken"
"3M Espe mengblok, universeel 70 x 80 mm","https://shop.dentalunion.nl/media/catalog/product/cache/8/small_image/135x/9df78eab33525d08d6e5fb8d27136e95/0/9/0931es01_g_2_35.jpg","70144E","84925","3M","84925","Afdrukken"
"3M ESPE mengblokken, groot 125x180mm","https://shop.dentalunion.nl/media/catalog/product/cache/8/small_image/135x/9df78eab33525d08d6e5fb8d27136e95/7/0/70190.jpg","70190","84646","3M","84646","Afdrukken"
"3M Espe mengspatel voor alginaat, per st.","https://shop.dentalunion.nl/media/catalog/product/cache/8/small_image/135x/9df78eab33525d08d6e5fb8d27136e95/7/5/75119e.jpg","75119E","84922","3M","84922","Afdrukken"
"3M Espe mengtips Garant geel 50st","https://shop.dentalunion.nl/media/catalog/product/cache/8/small_image/135x/9df78eab33525d08d6e5fb8d27136e95/0/9/0931es01_g_2_28.jpg","71452","12112","3M","12112","Afdrukken"
"3M Espe mengtips Garant wit, verpakking 50 st","https://shop.dentalunion.nl/media/catalog/product/cache/8/small_image/135x/9df78eab33525d08d6e5fb8d27136e95/0/9/0931es01_g_2_30.jpg","71451","12237","3M","ESPG2MTW","Afdrukken"
"3M Express 2","https://shop.dentalunion.nl/media/catalog/product/cache/8/small_image/135x/9df78eab33525d08d6e5fb8d27136e95/e/x/exp2_lb_std_q_36814.tif.jpg","","Expres","3M","N/B","Afdrukken"
"3M Impregum F polyether afdrukmateriaal","https://shop.dentalunion.nl/media/catalog/product/cache/8/small_image/135x/9df78eab33525d08d6e5fb8d27136e95/i/m/impregum_f.jpg","","Impref","3M","N/B","Afdrukken"
"3M Impregum Penta","https://shop.dentalunion.nl/media/catalog/product/cache/8/small_image/135x/9df78eab33525d08d6e5fb8d27136e95/i/m/impregnum_penta_31644.jpg","","Imppen","3M","Imppen","Afdrukken"
"3M Impregum Penta DuoSoft","https://shop.dentalunion.nl/media/catalog/product/cache/8/small_image/135x/9df78eab33525d08d6e5fb8d27136e95/d/u/duosoft.jpg","","DuoSoft","3M","DuoSoft","Afdrukken"
"3M Impregum Penta Soft","https://shop.dentalunion.nl/media/catalog/product/cache/8/small_image/135x/9df78eab33525d08d6e5fb8d27136e95/s/o/soft.jpg","","Pensof","3M","Pensof","Afdrukken"
"3M Imprint 4","https://shop.dentalunion.nl/media/catalog/product/cache/8/small_image/135x/9df78eab33525d08d6e5fb8d27136e95/i/p/ipt4_family_with_pmx3_shad_new_0_1.jpg","","Imprin","3M","N/B","Afdrukken"
"3M Imprint 4 Preliminary Penta (alginaatindicatie regular + super quick)","https://shop.dentalunion.nl/media/catalog/product/cache/8/small_image/135x/9df78eab33525d08d6e5fb8d27136e95/2/3/239006-01_detail_4.jpg","","Imppsq","3M","Imppsq","Afdrukken"
"3M Penta elastomeer afdrukspuit compleet","https://shop.dentalunion.nl/media/catalog/product/cache/8/small_image/135x/9df78eab33525d08d6e5fb8d27136e95/3/m/3mespe_penta_afdrukspuit.jpg","71210","48939","3M","ESPPTAS","Afdrukken"
"3M Reinigingsborstel voor elastomeer afdrukspuit","https://shop.dentalunion.nl/media/catalog/product/cache/8/small_image/135x/9df78eab33525d08d6e5fb8d27136e95/b/r/brush.jpg","71068","84930","3M","ESP0501","Afdrukken"
"3M Universele Pentamix 2 Cartridge","https://shop.dentalunion.nl/media/catalog/product/cache/8/small_image/135x/9df78eab33525d08d6e5fb8d27136e95/7/6/76994.jpg","76994","250506","3M","MMM76994","Afdrukken"
"Aanmengblok Klein 3,5X4,5Cm","https://shop.dentalunion.nl/media/catalog/product/cache/8/small_image/135x/9df78eab33525d08d6e5fb8d27136e95/l/_/l_04_047654_anmischb_kurthe.jpg","80801","47654","M.G. Kurth","47654","Afdrukken"
"Aanmengblok Klein 3,5X4,5Cm verp. 10 st.","https://shop.dentalunion.nl/media/catalog/product/cache/8/small_image/135x/9df78eab33525d08d6e5fb8d27136e95/l/_/l_04_047654_anmischb_kurthe.jpg","80801","47653","M.G. Kurth","47653","Afdrukken"
"Aanmengblok voor Composiet 60x75mm","https://shop.dentalunion.nl/media/catalog/product/cache/8/small_image/135x/9df78eab33525d08d6e5fb8d27136e95/3/m/3m_mengblok_60x75cm.png","70086E","84926","3M","84926","Afdrukken"
"Adhesief Miratray spray 200ml","https://shop.dentalunion.nl/media/catalog/product/cache/8/small_image/135x/9df78eab33525d08d6e5fb8d27136e95/m/i/miratrayspray-co-01.jpg","554210","71928","Hager&Werken;","HAG554210","Afdrukken"
"Afdruklepel Ehricke 400BU/2","https://shop.dentalunion.nl/media/catalog/product/cache/8/small_image/135x/9df78eab33525d08d6e5fb8d27136e95/4/0/400-bu-2.jpg","N/B","53445","Carl Martin","53445","Afdrukken"
"Afdruklepel Perma-Lock Anatomic boven geperforeerd rvs M (U4A)","https://shop.dentalunion.nl/media/catalog/product/cache/8/small_image/135x/9df78eab33525d08d6e5fb8d27136e95/2/8/2804u4a.jpg","2804-U4A","ASA2804U4A","ASA dental","ASA2804U4A","Afdrukken"
"Afdruklepels Jesco-Form","https://shop.dentalunion.nl/media/catalog/product/cache/8/small_image/135x/9df78eab33525d08d6e5fb8d27136e95/a/f/afdruklepels.jpg","","Afjefo","Aesculap","N/B","Afdrukken"
"Afdruklepels Wiro-lock geperforeerd kinderformaat","https://shop.dentalunion.nl/media/catalog/product/cache/8/small_image/135x/9df78eab33525d08d6e5fb8d27136e95/a/f/afdruklepels.png","","Awlgkf","Hammacher","N/B","Afdrukken"
"Afdruklepels Wiro-lock ongeperforeerd kinderformaat","https://shop.dentalunion.nl/media/catalog/product/cache/8/small_image/135x/9df78eab33525d08d6e5fb8d27136e95/o/n/ongeperforeerd.png","","Awlokf","Hammacher","N/B","Afdrukken"
"Afdrukseparatiewafels 30st","https://shop.dentalunion.nl/media/catalog/product/cache/8/small_image/135x/9df78eab33525d08d6e5fb8d27136e95/g/c/gc_separatie_wafels.jpg","800099","143850","GC","GCDWAF","Afdrukken"
"Affinis Black","https://shop.dentalunion.nl/media/catalog/product/cache/8/small_image/135x/9df78eab33525d08d6e5fb8d27136e95/6/0/60019554_affinis_black_edition_a_3.jpg","","Affbla","COLTENE","N/B","Afdrukken"
"Affinis doseerpistool 1:1 en 2:1","https://shop.dentalunion.nl/media/catalog/product/cache/8/small_image/135x/9df78eab33525d08d6e5fb8d27136e95/f/s/fs_xte_a2e_a3d_dual_gry_2_1_10.jpg","6900","29041","COLTENE","29041","Afdrukken"
"Affinis Heavy Body & Fast Heavy Body","https://shop.dentalunion.nl/media/catalog/product/cache/8/small_image/135x/9df78eab33525d08d6e5fb8d27136e95/5/1/51479_g_9.jpg","","Afhebo","COLTENE","Afhebo","Afdrukken"
"Affinis Light Body & Fast Light Body","https://shop.dentalunion.nl/media/catalog/product/cache/8/small_image/135x/9df78eab33525d08d6e5fb8d27136e95/5/1/51479_g_3.jpg","","Aflibo","COLTENE","Aflibo","Afdrukken"
"Affinis Monobody","https://shop.dentalunion.nl/media/catalog/product/cache/8/small_image/135x/9df78eab33525d08d6e5fb8d27136e95/5/1/51479_g_7.jpg","","Affmon","COLTENE","Affmon","Afdrukken"
"Affinis Precious","https://shop.dentalunion.nl/media/catalog/product/cache/8/small_image/135x/9df78eab33525d08d6e5fb8d27136e95/5/1/51479_g_8.jpg","","Afprec","COLTENE","Afprec","Afdrukken"
"Affinis Putty","https://shop.dentalunion.nl/media/catalog/product/cache/8/small_image/135x/9df78eab33525d08d6e5fb8d27136e95/0/1/01159affinisputtysoft_1.jpg","","Affput","COLTENE","Affput","Afdrukken"
"Affinis Regular Body & Fast Regular Body","https://shop.dentalunion.nl/media/catalog/product/cache/8/small_image/135x/9df78eab33525d08d6e5fb8d27136e95/5/1/51479_g_5.jpg","","Afrebo","COLTENE","Afrebo","Afdrukken"
"Algilock afdruklepel geperforeerd","https://shop.dentalunion.nl/media/catalog/product/cache/8/small_image/135x/9df78eab33525d08d6e5fb8d27136e95/a/l/algilock_afdruk_lepel_2.png","","HAG1010","Hager & Werken","HAG1010","Afdrukken"
"Algilock afdruklepels ongeperforeerd","https://shop.dentalunion.nl/media/catalog/product/cache/8/small_image/135x/9df78eab33525d08d6e5fb8d27136e95/a/l/algilock.jpg","","Aaflog","Hager&Werken;","N/B","Afdrukken"
"Algilock Cleaner Plus 1 kg poeder","https://shop.dentalunion.nl/media/catalog/product/cache/8/small_image/135x/9df78eab33525d08d6e5fb8d27136e95/a/l/algilockcleanerplus-use-01_1.jpg","554104","143958","Hager&Werken;","78988","Afdrukken"
"Alginaat Hydrogum fast 2 x 500 gr","https://shop.dentalunion.nl/media/catalog/product/cache/8/small_image/135x/9df78eab33525d08d6e5fb8d27136e95/0/9/0931es01_g_2_51.jpg","130103","ZHEHFB","Zhermack","ZHEHFB","Afdrukken"
"Alginaat Orthoprint extra rapid 500gr","https://shop.dentalunion.nl/media/catalog/product/cache/8/small_image/135x/9df78eab33525d08d6e5fb8d27136e95/0/9/0931es01_g_2_52.jpg","C302145","137238","Zhermack","ZHEOZ","Afdrukken"
"Alginaat Phase Plus chromatic 453gr","https://shop.dentalunion.nl/media/catalog/product/cache/8/small_image/135x/9df78eab33525d08d6e5fb8d27136e95/0/9/0931es01_g_2_53.jpg","130111","ZHEPCZ1","Zhermack","ZHEPCZ1","Afdrukken"
"Almore beetregistratie tabs 12st","https://shop.dentalunion.nl/media/catalog/product/cache/8/small_image/135x/9df78eab33525d08d6e5fb8d27136e95/b/i/bite_wax_tabs.gif","N/B","ALMBT","Almore","ALMBT","Afdrukken"
"Alphasil Perfect TEC","https://shop.dentalunion.nl/media/catalog/product/cache/8/small_image/135x/9df78eab33525d08d6e5fb8d27136e95/a/l/alphasil.jpg","","Alpete","Muller Dental","N/B","Afdrukken"
"Aluwax 420gr","https://shop.dentalunion.nl/media/catalog/product/cache/8/small_image/135x/9df78eab33525d08d6e5fb8d27136e95/3/4/34170_7.jpg","80600018","52576","A1 Dental","UBEA","Afdrukken"
"Anatomic afdruklepels rvs Ehricke, geperforeerd","https://shop.dentalunion.nl/media/catalog/product/cache/8/small_image/135x/9df78eab33525d08d6e5fb8d27136e95/g/r/grouped_perfor.png","","Aasegp","Schweickhardt","N/B","Afdrukken"
"Anatomic afdruklepels rvs Ehricke, glad","https://shop.dentalunion.nl/media/catalog/product/cache/8/small_image/135x/9df78eab33525d08d6e5fb8d27136e95/g/r/grouped_glad.png","","Aasegl","Schweickhardt","N/B","Afdrukken"
"Anatomic afdruklepels rvs Ehricke, partieel","https://shop.dentalunion.nl/media/catalog/product/cache/8/small_image/135x/9df78eab33525d08d6e5fb8d27136e95/g/r/grouped_partieel.png","","Aaephl","Schweickhardt","N/B","Afdrukken"
"Aqua wash hydrocolloid 12 tubes","https://shop.dentalunion.nl/media/catalog/product/cache/8/small_image/135x/9df78eab33525d08d6e5fb8d27136e95/0/6/067333_2_3.jpg","11070","VNR11070","Dux","VNR11070","Afdrukken"
"Aquasil Bite 2x50ml + 12 mengtips","https://shop.dentalunion.nl/media/catalog/product/cache/8/small_image/135x/9df78eab33525d08d6e5fb8d27136e95/a/q/aquasil_bite_rf_01wh_60578334.jpg","60578334","189468","Dentsply Sirona","DTD60578334","Afdrukken"
"Aquasil fixeerring 2st","https://shop.dentalunion.nl/media/catalog/product/cache/8/small_image/135x/9df78eab33525d08d6e5fb8d27136e95/a/q/aquasil_ultra_deca_bayrings_01wh_60578401.jpg","60578401","158331","Dentsply Sirona","DTD60578401","Afdrukken"
"Aquasil Putty DECA 2x380ml","https://shop.dentalunion.nl/media/catalog/product/cache/8/small_image/135x/9df78eab33525d08d6e5fb8d27136e95/a/q/aquasil_putty_deca_03wh_60578341.jpg","60578341","18718","Dentsply Sirona","DTD60578341","Afdrukken"
"Aquasil Putty DECA mengtips 40st","https://shop.dentalunion.nl/media/catalog/product/cache/8/small_image/135x/9df78eab33525d08d6e5fb8d27136e95/a/q/aquasil_putty_deca_mengtips_40st.jpg","60578340","18736","Dentsply Sirona","NWD78464","Afdrukken"
"Aquasil Ultra in digit LV","https://shop.dentalunion.nl/media/catalog/product/cache/8/small_image/135x/9df78eab33525d08d6e5fb8d27136e95/a/q/aquasil_ultra_digit_lv_regular_set_678040_3.jpg","","Auidlv","Dentsply Sirona","N/B","Afdrukken"
"Aquasil Ultra in digit XLV","https://shop.dentalunion.nl/media/catalog/product/cache/8/small_image/135x/9df78eab33525d08d6e5fb8d27136e95/a/q/aquasil_ultra_digit_xlv-all_wh_678043-045_3.jpg","","Auidxl","Dentsply Sirona","N/B","Afdrukken"
"Aquasil Ultra XLV regular B4 set 4x50ml","https://shop.dentalunion.nl/media/catalog/product/cache/8/small_image/135x/9df78eab33525d08d6e5fb8d27136e95/a/q/aquasil_ultra_xlv_b4_rs_cartrf_wh_678440.jpg","379018FGHM","11925","Dentsply Sirona","NWD52581","Afdrukken"
"ASA afdruklepel regular geperforeerd rvs","https://shop.dentalunion.nl/media/catalog/product/cache/8/small_image/135x/9df78eab33525d08d6e5fb8d27136e95/r/e/regular_asadental.png","","Aargfr","ASA Dental","N/B","Afdrukken"
"ASA afdruklepels Perma-Lock geperforeerd rvs","https://shop.dentalunion.nl/media/catalog/product/cache/8/small_image/135x/9df78eab33525d08d6e5fb8d27136e95/p/e/perma-lock_asadental.png","","Aalplg","ASA Dental","N/B","Afdrukken"
"Bayer mengtips geel 48st","https://shop.dentalunion.nl/media/catalog/product/cache/8/small_image/135x/9df78eab33525d08d6e5fb8d27136e95/o/r/orbis_mengtips_geel_1.jpg","66001988","25870","Heraeus Kulzer","BAYMT11G","Afdrukken"
"Beauty Pink was x-hard, platen, 454 gr.","https://shop.dentalunion.nl/media/catalog/product/cache/8/small_image/135x/9df78eab33525d08d6e5fb8d27136e95/1/3/135_001.jpg","80600033","63275","Ubert","*MOY31","Afdrukken"
"Beauty Pink was, hard, platen, 454 gr.","https://shop.dentalunion.nl/media/catalog/product/cache/8/small_image/135x/9df78eab33525d08d6e5fb8d27136e95/1/3/135_001.jpg","80600031","59441","Ubert","MOY31H","Afdrukken"
"Beetwas Alminax Rite Bite, 30 platen","https://shop.dentalunion.nl/media/catalog/product/cache/8/small_image/135x/9df78eab33525d08d6e5fb8d27136e95/w/e/web_dws211_alminaxritebite30indexes.jpg","DWS211","46431","Kemdent","ADP22","Afdrukken"
"Bisico adhesief","https://shop.dentalunion.nl/media/catalog/product/cache/8/small_image/135x/9df78eab33525d08d6e5fb8d27136e95/0/8/08210_adhesiv.jpg","8210","206312","Bisico","BISAD","Afdrukken"
"Bisico Regidur-I","https://shop.dentalunion.nl/media/catalog/product/cache/8/small_image/135x/9df78eab33525d08d6e5fb8d27136e95/b/i/bisico_redigur.jpg","71570","12983","Bisico","BISREGI","Afdrukken"
"Bisico S 1 putty 640ml","https://shop.dentalunion.nl/media/catalog/product/cache/8/small_image/135x/9df78eab33525d08d6e5fb8d27136e95/b/i/bisico_putty.jpg","1120","17058","Bisico","BISS1","Afdrukken"
"Bisico S-1 Soft 600ml","https://shop.dentalunion.nl/media/catalog/product/cache/8/small_image/135x/9df78eab33525d08d6e5fb8d27136e95/s/1/s1soft_g0.jpg","N/B","206374","Bisico","NWD206374","Afdrukken"
"Bite Registration Tips 96st","https://shop.dentalunion.nl/media/catalog/product/cache/8/small_image/135x/9df78eab33525d08d6e5fb8d27136e95/b/i/bite_registration_tip_6600905.jpg","66000905","25856","Heraeus Kulzer","BAYMBRT","Afdrukken"
"Blue Eco lab putty 1:1","https://shop.dentalunion.nl/media/catalog/product/cache/8/small_image/135x/9df78eab33525d08d6e5fb8d27136e95/b/l/blue-eco-lab-putty_2.jpg","","Bleclp","Detax","N/B","Afdrukken"
"Blueprint X-Creme 12x500gr. + bewaardoos en maatbestek","https://shop.dentalunion.nl/media/catalog/product/cache/8/small_image/135x/9df78eab33525d08d6e5fb8d27136e95/d/u/dust-suction-units-dental-offices-laboratories-73824-3901769_33_1.jpg","60501108","221112","Dentsply Sirona","DTD60501108","Afdrukken"
"Blueprint X-Creme 2 pakken","https://shop.dentalunion.nl/media/catalog/product/cache/8/small_image/135x/9df78eab33525d08d6e5fb8d27136e95/d/u/dust-suction-units-dental-offices-laboratories-73824-3901769_33.jpg","60501100","219233","Dentsply Sirona","64775","Afdrukken"
"Border-lock A adhesief 10cc","https://shop.dentalunion.nl/media/catalog/product/cache/8/small_image/135x/9df78eab33525d08d6e5fb8d27136e95/8/4/8496_001.jpg","20510101","206939","Clan","HEW7010","Afdrukken"
"Border-Lock autoclaveerbare afdruklepels (betand)","https://shop.dentalunion.nl/media/catalog/product/cache/8/small_image/135x/9df78eab33525d08d6e5fb8d27136e95/a/u/autoclaveerbare_afdruklepels.jpg","","Blaabt","Clan","N/B","Afdrukken"
"Border-Lock autoclaveerbare afdruklepels (onbetand)","https://shop.dentalunion.nl/media/catalog/product/cache/8/small_image/135x/9df78eab33525d08d6e5fb8d27136e95/6/8/6831.jpg","","Blaaob","Clan","N/B","Afdrukken"
"Border-Lock Schreinemakers afdruklepeIs (onbetand)","https://shop.dentalunion.nl/media/catalog/product/cache/8/small_image/135x/9df78eab33525d08d6e5fb8d27136e95/b/o/border-lock_schreinemakers_afdruklepeis_onbetand_.jpg","","Blsaob","Clan","N/B","Afdrukken"
"Carl Martin geperforeerde Ergolock afdruklepels","https://shop.dentalunion.nl/media/catalog/product/cache/8/small_image/135x/9df78eab33525d08d6e5fb8d27136e95/c/m/cm_ergolock.jpg","","Cmgpea","Carl Martin","N/B","Afdrukken"
"Carl-Martin afdruklepel part. Draaibaar 402/1","https://shop.dentalunion.nl/media/catalog/product/cache/8/small_image/135x/9df78eab33525d08d6e5fb8d27136e95/9/4/9448_001.jpg","4021","56068","Carl Martin","56068","Afdrukken"
"Cavex alginaat adhesive (2x14ml)","https://shop.dentalunion.nl/media/catalog/product/cache/8/small_image/135x/9df78eab33525d08d6e5fb8d27136e95/a/d/adhesivehr.jpg","AB010","205408","Cavex","CAVAA","Afdrukken"
"Cavex Alginaat maatbestek","https://shop.dentalunion.nl/media/catalog/product/cache/8/small_image/135x/9df78eab33525d08d6e5fb8d27136e95/0/0/000185811_26.jpg","N/B","CAVMB","Cavex","CAVMB","Afdrukken"
"Cavex alginaatcontainer","https://shop.dentalunion.nl/media/catalog/product/cache/8/small_image/135x/9df78eab33525d08d6e5fb8d27136e95/6/7/6705_002.jpg","AT240","206180","Cavex","CAVAC","Afdrukken"
"Cavex CA37 Dustfree Refill 500 gr.","https://shop.dentalunion.nl/media/catalog/product/cache/8/small_image/135x/9df78eab33525d08d6e5fb8d27136e95/a/l/alginate_ca37_500g_normal_set_1.jpg","","Cacadu","Cavex","Cacadu","Afdrukken"
"Cavex Cream Alginate 500gr.","https://shop.dentalunion.nl/media/catalog/product/cache/8/small_image/135x/9df78eab33525d08d6e5fb8d27136e95/c/a/cavex.jpg","AA600","245251","Cavex","CAVAA600","Afdrukken"
"Cavex Cream Alginate Fast set 500gr.","https://shop.dentalunion.nl/media/catalog/product/cache/8/small_image/135x/9df78eab33525d08d6e5fb8d27136e95/c/r/cream_fast_set.jpg","AA605","256720","Cavex","CAVAA605","Afdrukken"
"Cavex Dustfree ColorChange 500 gr.","https://shop.dentalunion.nl/media/catalog/product/cache/8/small_image/135x/9df78eab33525d08d6e5fb8d27136e95/a/l/alginate_colorchange_bag_500_g.jpg","AA300500G","60264","Cavex","CAVCCAD","Afdrukken"
"Cavex Impressional","https://shop.dentalunion.nl/media/catalog/product/cache/8/small_image/135x/9df78eab33525d08d6e5fb8d27136e95/a/l/alginate_impressional_normal_set_500g_1.jpg","","Caimre","Cavex","Caimre","Afdrukken"
"Cavex Mengnap","https://shop.dentalunion.nl/media/catalog/product/cache/8/small_image/135x/9df78eab33525d08d6e5fb8d27136e95/a/l/alginate_mixing_bowl.jpg","AT041","222883","Cavex","CAVAT041","Afdrukken"
"Cavex Orthotrace Refill 500 gr.","https://shop.dentalunion.nl/media/catalog/product/cache/8/small_image/135x/9df78eab33525d08d6e5fb8d27136e95/a/l/alginate_orthotrace_3_zak.jpg","AA380500G","206648","Cavex","CAVOZ","Afdrukken"
"Cavex Outline afdrukpasta 200gr.","https://shop.dentalunion.nl/media/catalog/product/cache/8/small_image/135x/9df78eab33525d08d6e5fb8d27136e95/o/u/outlinehr.jpg","AP030","206573","Cavex","CAV419","Afdrukken"
"Cavex plastic mengspatel AT042","https://shop.dentalunion.nl/media/catalog/product/cache/8/small_image/135x/9df78eab33525d08d6e5fb8d27136e95/a/l/alginate_spatel_kunststof_1.jpg","AT042","205921","Cavex","CAVAT042","Afdrukken"
"Cavex Yellow Wax","https://shop.dentalunion.nl/media/catalog/product/cache/8/small_image/135x/9df78eab33525d08d6e5fb8d27136e95/y/e/yellowwaxsheets_1.jpg","","Cayewa","Cavex","Cayewa","Afdrukken"
"Centric Tray assortiment","https://shop.dentalunion.nl/media/catalog/product/cache/8/small_image/135x/9df78eab33525d08d6e5fb8d27136e95/c/e/centric-tray_product.jpg","559166BN","137762","Ivoclar Vivadent","IVCCTA","Afdrukken"
"COE afdruklepels McGowan-Winkler Nickel-Plated","https://shop.dentalunion.nl/media/catalog/product/cache/8/small_image/135x/9df78eab33525d08d6e5fb8d27136e95/m/c/mcgowan.jpg","","Camwnp","GC","N/B","Afdrukken"
"COE afdruklepels Nickel-Plated, geperforeerd","https://shop.dentalunion.nl/media/catalog/product/cache/8/small_image/135x/9df78eab33525d08d6e5fb8d27136e95/s/e/set_8_1.jpg","","Canpgp","GC","N/B","Afdrukken"
"COE afdruklepels Nickel-Plated, niet-geperforeerd","https://shop.dentalunion.nl/media/catalog/product/cache/8/small_image/135x/9df78eab33525d08d6e5fb8d27136e95/a/f/afdr.jpg","","Canpng","GC","N/B","Afdrukken"
"COE afdruklepels Ortho Pediatric, geperforeerd","https://shop.dentalunion.nl/media/catalog/product/cache/8/small_image/135x/9df78eab33525d08d6e5fb8d27136e95/o/r/ortho.jpg","","Caopgp","GC","N/B","Afdrukken"
"COE afdruklepels partieel, Nickel-Plated, geperforeerd","https://shop.dentalunion.nl/media/catalog/product/cache/8/small_image/135x/9df78eab33525d08d6e5fb8d27136e95/p/a/partieel.jpg","","Capnpg","GC","N/B","Afdrukken"
"COE afdruklepels partieel, Nickel-Plated, niet-geperforeerd","https://shop.dentalunion.nl/media/catalog/product/cache/8/small_image/135x/9df78eab33525d08d6e5fb8d27136e95/p/a/partieel_1.jpg","","Capnng","GC","N/B","Afdrukken"
"COE Spacer Tray afdruklepels geperforeerd","https://shop.dentalunion.nl/media/catalog/product/cache/8/small_image/135x/9df78eab33525d08d6e5fb8d27136e95/s/p/spacer.jpg","","Cspage","GC","N/B","Afdrukken"
"Coltene Adhesief 10ml","https://shop.dentalunion.nl/media/catalog/product/cache/8/small_image/135x/9df78eab33525d08d6e5fb8d27136e95/3/4/3464_103320__1_2.jpg","4410","85443","COLTENE","COLPA","Afdrukken"
"Coltene Dynamic mengcanules geel 40 st (voor automatisch mengapparaat)","https://shop.dentalunion.nl/media/catalog/product/cache/8/small_image/135x/9df78eab33525d08d6e5fb8d27136e95/3/4/3464_103320__1_17.jpg","6162","204325","COLTENE","COL6162","Afdrukken"
"Coltene Flexibole Mengnappen","https://shop.dentalunion.nl/media/catalog/product/cache/8/small_image/135x/9df78eab33525d08d6e5fb8d27136e95/3/4/3464_103320__1_4.jpg","","Flegip","COLTENE","Flegip","Afdrukken"
"Coltene Mixing tip universal 100st","https://shop.dentalunion.nl/media/catalog/product/cache/8/small_image/135x/9df78eab33525d08d6e5fb8d27136e95/m/e/mengtip_uni_coltene_1.jpg","60019694","246483","COLTENE","COL60019694","Afdrukken"
"Coltene Mixing tip universal 40st","https://shop.dentalunion.nl/media/catalog/product/cache/8/small_image/135x/9df78eab33525d08d6e5fb8d27136e95/m/e/mengtip_uni_coltene.jpg","60019663","246451","COLTENE","COL60019663","Afdrukken"
"Coltene Whaledent Intra orale tips geel 100 st.","https://shop.dentalunion.nl/media/catalog/product/cache/8/small_image/135x/9df78eab33525d08d6e5fb8d27136e95/3/4/3464_103320__1_13.jpg","6555","29040","COLTENE","29040","Afdrukken"
"Coltene Whaledent intra-orale tips wit 100st","https://shop.dentalunion.nl/media/catalog/product/cache/8/small_image/135x/9df78eab33525d08d6e5fb8d27136e95/3/4/3464_103320__1_14.jpg","6210","49658","COLTENE","49658","Afdrukken"
"Coltene Whaledent Mengtips (6550) geel/klein 40st","https://shop.dentalunion.nl/media/catalog/product/cache/8/small_image/135x/9df78eab33525d08d6e5fb8d27136e95/f/s/fs_xte_a2e_a3d_dual_gry_2_1_9.jpg","6550","29039","COLTENE","29039","Afdrukken"
"Coltene Whaledent mengtips turkoois groot 40 st.","https://shop.dentalunion.nl/media/catalog/product/cache/8/small_image/135x/9df78eab33525d08d6e5fb8d27136e95/3/4/3464_103320__1_15.jpg","6552","29038","COLTENE","29038","Afdrukken"
"Coltex","https://shop.dentalunion.nl/media/catalog/product/cache/8/small_image/135x/9df78eab33525d08d6e5fb8d27136e95/f/s/fs_xte_a2e_a3d_dual_gry_2_1_18.jpg","","Coltex","COLTENE","N/B","Afdrukken"
"Coltoflax","https://shop.dentalunion.nl/media/catalog/product/cache/8/small_image/135x/9df78eab33525d08d6e5fb8d27136e95/f/s/fs_xte_a2e_a3d_dual_gry_2_1_8.jpg","","Coltof","COLTENE","Coltof","Afdrukken"
